rmse,nse,rmse_top10,rmse_bot10,rmse_logged,mean_bias,mean_bias_top10,mean_bias_bot10,nse_top10,nse_bot10,nse_logged,kge,variable,partition,rep_id
0.960259,0.894731,1.183222,1.014402,inf,0.103327,-0.746175,0.456757,-1.539443,-1.440237,,0.929588,DO_mg.L,train,0
1.798528,0.66842,1.802371,1.316863,inf,-0.312619,-1.507747,0.742159,-4.646134,-6.549945,,0.834207,DO_mg.L,val,0
